Mandarin Headline,English Headline,Content Link,Archive Link,Status,Translator,Link to Translation
新型肺炎疫情防控下的武汉生活,Life in Wuhan Under 2019-nCoV Prevention and Control,https://mp.weixin.qq.com/s/cg4qHhta8nLx93PDaW1dHQ,https://web.archive.org/web/20200203023328/https://mp.weixin.qq.com/s/cg4qHhta8nLx93PDaW1dHQ,In Progress,,
肺炎疫情中的人們,People in a Pneumonia Epidemic,https://mp.weixin.qq.com/s/kUY_Sr3s52pn4jfs8RK60A,https://web.archive.org/save/https://mp.weixin.qq.com/s/kUY_Sr3s52pn4jfs8RK60A,Untranslated,,
 防疫升級後的武漢 ,Wuhan After Epidemic Prevention Upgrade,https://mp.weixin.qq.com/s/-RmxrJ8VeqzgiBMAGmzYPA,https://web.archive.org/web/20200203023701/https://mp.weixin.qq.com/s/-RmxrJ8VeqzgiBMAGmzYPA,Untranslated,,
全國人在吃年夜飯 他們在建「武漢小湯山」,"While the Whole Nation Is Having New Year’s Eve Meal, They Are Building “Xiaotangshan Hospital” in Wuhan",https://mp.weixin.qq.com/s/BsKYzzw0CH9e-jQTa76iGQ,https://web.archive.org/save/https://mp.weixin.qq.com/s/BsKYzzw0CH9e-jQTa76iGQ,Untranslated,,
中青報記者大年初一探訪武漢市第五醫院,Reporters From China Youth Daily Visit Wuhan No.5 Hospital on the First Day of Lunar New Year,https://mp.weixin.qq.com/s/EdIVxRLtkUZPGD_L4pXOBA,https://web.archive.org/save/https://mp.weixin.qq.com/s/EdIVxRLtkUZPGD_L4pXOBA,Untranslated,,
一个湖北村庄的防疫故事：村医穿雨衣当防护服 ,A Disease Control Story in a Hubei Village: A Village Doctor Wears Rain Jacket as Hazard Suit,https://mp.weixin.qq.com/s/Ual8bxKz-IaLOeyCD-DWlw,https://web.archive.org/web/20200203024201/https://mp.weixin.qq.com/s/Ual8bxKz-IaLOeyCD-DWlw,Translated Pending Edit,Kendra,https://docs.google.com/document/d/1YLixNSTZgCRJC2l81NLl8Fxb3-paO4fL_fsbib_AkWg
武汉部分医院仍然“喊渴” ,Some Hospitals in Wuhan Are Still “Thirsty” (For Medical Resources),https://mp.weixin.qq.com/s/willAfAQ6U2igKSOHxHgrg,https://web.archive.org/save/https://mp.weixin.qq.com/s/willAfAQ6U2igKSOHxHgrg,Untranslated,,
三個年輕人和100萬隻口罩,Three Young People and One Million Masks,https://mp.weixin.qq.com/s/2lopW3OCS2FIK4KSaZBY-w,https://web.archive.org/save/https://mp.weixin.qq.com/s/2lopW3OCS2FIK4KSaZBY-w,Untranslated,,
钟南山发话前，武汉这位医生向附近学校发出疫情警报,"Before Zhong Nanshan Spoke, This Doctor in Wuhan Warned Nearby Schools About Epidemic",https://mp.weixin.qq.com/s/IzzCnz4Yr2jEIYZePiu_ow,https://web.archive.org/save/https://mp.weixin.qq.com/s/IzzCnz4Yr2jEIYZePiu_ow,Untranslated,,
武汉新型肺炎：为何直到今天才引起更大注意？,Wuhan Novel Pneumonia: Why No Attention Until Now?,https://mp.weixin.qq.com/s/xuf8nn1OPOY51cyZMduQ-Q,https://web.archive.org/web/20200127134219/https://mp.weixin.qq.com/s/xuf8nn1OPOY51cyZMduQ-Q,Untranslated,,
武汉肺炎一线医生口述：大爆发期或将到来 ,Verbal Account From Wuhan Doctor at Front Line: Explosion Period Is Coming,https://w.url.cn/s/AvzMAsM,https://web.archive.org/save/https://new.qq.com/omn/HEE20200/HEE2020012400700600.html,Untranslated,,
"武汉肺炎重症患者：一床难求
",From Pneumonia Patient in Critical Condition: Hard to Find Even One Bed,https://w.url.cn/s/AAE3ZPF,https://news.sina.com.cn/c/2020-01-23/doc-iihnzahk6002239.shtml,Untranslated,,
“灯下黑”：武汉周边的疫情危机 ,Darkness Around Spotlight: Epidemic Crisis in Wuhan’s Surrounding Areas ,https://mp.weixin.qq.com/s/PpEqQsyF2HklmlOvHDLw4A,https://web.archive.org/save/https://mp.weixin.qq.com/s/PpEqQsyF2HklmlOvHDLw4A,In Progress,李鑫（Bella),
湖北黄冈：一家四口疑似病例难确诊 ,Hubei Huanggang: Four Suspected Cases in One Family Who Can’t Get Diagnosed,https://mp.weixin.qq.com/s/DgYS6o-EhDCdN41_Za075A,https://web.archive.org/save/https://mp.weixin.qq.com/s/DgYS6o-EhDCdN41_Za075A,Untranslated,,
"武汉医疗物资之困：我们能做什么?
","Wuhan Trapped in a Shortage of Medical Resources: What Can We Do?
",https://mp.weixin.qq.com/s/guukcVI7iuu7aIeqzFVxFw,https://web.archive.org/web/20200203025324/https://mp.weixin.qq.com/s/guukcVI7iuu7aIeqzFVxFw,Untranslated,,
试剂盒困局：为何确诊这么难?,A Difficult Time With Testing Kits: Why Is It so Hard to Get Diagnosed?,https://mp.weixin.qq.com/s/Xq7jT0ErmFsIXZY5m3xoNQ,https://web.archive.org/save/https://mp.weixin.qq.com/s/Xq7jT0ErmFsIXZY5m3xoNQ,Untranslated,,
野味消费：病毒突变的“祸根”,Consuming Wildlife: The Root of Virus Mutation,https://mp.weixin.qq.com/s/QkeE500Jgher5WRP1CWTIQ,https://web.archive.org/save/https://mp.weixin.qq.com/s/QkeE500Jgher5WRP1CWTIQ,Untranslated,,
武汉急诊一线医生口述：惟愿冬天早点过去,Verbal Account From a Wuhan Emergency Room Doctor: Hope the Winter Is Gone Soon,https://mp.weixin.qq.com/s/qHj8OB8YPdBSH_6pb60-6A,https://web.archive.org/save/https://mp.weixin.qq.com/s/qHj8OB8YPdBSH_6pb60-6A,Untranslated,,
比“武汉加油”更实际的，是善待武汉人,Something More Practical Than Saying “Wuhan Add Oil”: Treat Wuhan People With Kindness,https://mp.weixin.qq.com/s/tUiTDV-XWDOz7rkWQwgFgg,https://web.archive.org/save/https://mp.weixin.qq.com/s/tUiTDV-XWDOz7rkWQwgFgg,Untranslated,,
武汉防疫：如何利用好现有资源？,Wuhan Disease Prevention: How to Better Utilize the Resources We Currently Have?,https://mp.weixin.qq.com/s/QQQwIguacVU-w4YjWVWphQ,https://web.archive.org/save/https://mp.weixin.qq.com/s/QQQwIguacVU-w4YjWVWphQ,Untranslated,,
在武汉，有这样一支4000多人的爱心车队,"In Wuhan, A Car Team With More Than 4000 Volunteers",https://mp.weixin.qq.com/s/AnXfMKhWMRa3XCNN0nfP-w,https://web.archive.org/save/https://mp.weixin.qq.com/s/AnXfMKhWMRa3XCNN0nfP-w,Untranslated,,
“返京潮”的挑战，北京准备好了么？,Is Beijing Ready for the Tide of Returning Migrants?,https://mp.weixin.qq.com/s/HoAJyotAVQSHCphwPwTl_Q,https://web.archive.org/save/https://mp.weixin.qq.com/s/HoAJyotAVQSHCphwPwTl_Q,Untranslated,,
与武汉乘客同机：双方的困境 ,Fly With Passengers From Wuhan: Dilemma on Both Sides,https://mp.weixin.qq.com/s/Bh9pxGlKfvytkaFEc6gDsA,https://web.archive.org/save/https://mp.weixin.qq.com/s/Bh9pxGlKfvytkaFEc6gDsA,Untranslated,,
我守护在武汉金银潭的重症病房,I Protect Them at the ICUs in Wuhan Jinyintan Hospital,https://mp.weixin.qq.com/s/tI0NB1Y9jUoBgddbEad9UQ,https://web.archive.org/save/https://mp.weixin.qq.com/s/tI0NB1Y9jUoBgddbEad9UQ,Untranslated,,
湖北即将断粮的3亿只鸡 ,The 300 Million Chickens That Are About to Starve,https://mp.weixin.qq.com/s/3p0wx4vwYeVefOPY2DmL2g,https://web.archive.org/save/https://mp.weixin.qq.com/s/3p0wx4vwYeVefOPY2DmL2g,Untranslated,,
湖北与武汉红会，物资捐赠卡在了这里？,Are Wuhan Red Cross and Hubei Red Cross Stopping Resource Donations?,https://mp.weixin.qq.com/s/CcP9ECRX80nCKvJxcRMDXw,https://web.archive.org/save/https://mp.weixin.qq.com/s/CcP9ECRX80nCKvJxcRMDXw,Untranslated,,
有家难回：新冠肺炎制造的“北漂”,Not Able to Return Home: “Beijing Drifters” Made by Novel Pneumonia ,https://mp.weixin.qq.com/s/iNLE576BAhJocqqT9CoGLg,https://web.archive.org/save/https://mp.weixin.qq.com/s/iNLE576BAhJocqqT9CoGLg,Untranslated,,
“封城”十天 | 摄影镜头下的武汉,Ten Days in City Shutdown: Wuhan Through the Lens,https://mp.weixin.qq.com/s/LTLq3ODjB0Rc86x8-ds3ig,https://web.archive.org/web/20200203035410/https://mp.weixin.qq.com/s/LTLq3ODjB0Rc86x8-ds3ig,Untranslated,,
试剂盒供不应求，武汉新型冠状病毒肺炎确诊之难,"Test Kit Supplies Don’t Meet Demand, the Difficulty Getting Diagnosed with 2019-nCoV",https://mp.weixin.qq.com/s/Jazc0sbrp8ozVScWm3ksfQ,https://web.archive.org/save/https://mp.weixin.qq.com/s/Jazc0sbrp8ozVScWm3ksfQ,Untranslated,,
除夕夜，他们在武汉 ,"Lunar New Year’s Eve, They Are in Wuhan",https://mp.weixin.qq.com/s/ibJV7JcZ3S_O5zIGbIxxWw,https://web.archive.org/save/https://mp.weixin.qq.com/s/ibJV7JcZ3S_O5zIGbIxxWw,Untranslated,,
黄冈，一个武汉周边城市的疫情防控样本,Huanggang: A Sample of How a City Near Wuhan Prevents and Controls the Disease,https://mp.weixin.qq.com/s/RPeN7j0MNUyq8PwXL5-f6A,https://web.archive.org/save/https://mp.weixin.qq.com/s/RPeN7j0MNUyq8PwXL5-f6A,Untranslated,,
疾病袭城，武汉的医生们正在经历些什么?,"Disease in Town, What Are Wuhan Doctors Going Through?",https://mp.weixin.qq.com/s/HOsZ7hY5fNp-ts5FkNN35A,https://web.archive.org/save/https://mp.weixin.qq.com/s/HOsZ7hY5fNp-ts5FkNN35A,Untranslated,,
他拉着10万只口罩，开往已经封城的武汉 ,He Drives 100 Thousand Masks to Quarantined Wuhan,https://mp.weixin.qq.com/s/Jj9_tZbP71lUqdNWubHUbg,https://web.archive.org/save/https://mp.weixin.qq.com/s/Jj9_tZbP71lUqdNWubHUbg,Untranslated,,
口罩为什么会短缺？,Why a Shortage in Masks?,https://mp.weixin.qq.com/s/VxH2jtybFOBDNfAGMOTOuw,https://web.archive.org/web/20200203034622/https://mp.weixin.qq.com/s/VxH2jtybFOBDNfAGMOTOuw,Untranslated,,
经过这次，我最担心的是武汉人的心理创伤」,"“After All This, My Biggest Worry is Wuhan People’s Trauma”",https://mp.weixin.qq.com/s/oBeiNF-SHbad2hWxbeDIKw,https://web.archive.org/web/20200203034617/https://mp.weixin.qq.com/s/oBeiNF-SHbad2hWxbeDIKw,Untranslated,,
曾在华南海鲜市场打工，荆州第一例治愈者口述：我是幸运的 ,The First Cured Patient Who Used to Work at Huanan Seafood Market: “I Am Lucky.”,https://mp.weixin.qq.com/s/rlq3hIMQ24Ch7oJnSuI4BQ,https://web.archive.org/save/https://mp.weixin.qq.com/s/rlq3hIMQ24Ch7oJnSuI4BQ,Untranslated,,
送走奶奶和爸爸，武汉女孩的漫长一月,"Grandma and Father Passed Away, a Long January for This Wuhan Girl",https://mp.weixin.qq.com/s/EdU3VMccPlyfSeRJbP7hfQ,https://web.archive.org/save/https://mp.weixin.qq.com/s/EdU3VMccPlyfSeRJbP7hfQ,Untranslated,,
武汉被打医生：我从来没有让自己崩溃 ,The Wuhan Doctor Who Was Assaulted: I Am Not Letting Myself Have a Mental Breakdown,https://mp.weixin.qq.com/s/tgAhZex2ttWME2Hwsie_-Q,https://web.archive.org/save/https://mp.weixin.qq.com/s/tgAhZex2ttWME2Hwsie_-Q,Untranslated,,
民间组织疯狂捐赠，为什么武汉的医院还缺物资？,"The Public Donated a Lot, So Why Are Wuhan Hospitals Still Short on Medical Resources?",https://mp.weixin.qq.com/s/kwTrelshPSC6sedzK5yuhA,https://web.archive.org/save/https://mp.weixin.qq.com/s/kwTrelshPSC6sedzK5yuhA,Untranslated,,
断药危机：封城封村之后的艾滋感染者,Medicine Shortage Crisis: HIV Positive People in Quarantined Areas,https://mp.weixin.qq.com/s/usMxDjsw_AbiIklg4piLIQ,https://web.archive.org/save/https://mp.weixin.qq.com/s/usMxDjsw_AbiIklg4piLIQ,Untranslated,,
外卖订单里的武汉：穿越隔离的爱情、亲情和勇气 ,"Wuhan Seen Through Food Delivery Orders: Love, Families and Courage Beyond Quarantine",https://mp.weixin.qq.com/s/usyes_zthtlMG1SxVVHAhQ,https://web.archive.org/save/https://mp.weixin.qq.com/s/usyes_zthtlMG1SxVVHAhQ,Untranslated,,
武汉的除夕夜，我一个人在家自行观察 ,"Lunar New Year’s Eve in Wuhan, I Quarantined Myself at Home",https://mp.weixin.qq.com/s/U4IrYQcPc6G-ce9X5eRE_g,https://web.archive.org/save/https://mp.weixin.qq.com/s/U4IrYQcPc6G-ce9X5eRE_g,Untranslated,,
父亲双肺感染严重，然而一床难求,"Father’s Lungs Are Seriously Infected, but We Can’t Get a Bed in a Hospital",https://mp.weixin.qq.com/s/_jOl6mDa-BzCknUwGLaj3Q,https://web.archive.org/save/https://mp.weixin.qq.com/s/_jOl6mDa-BzCknUwGLaj3Q,Untranslated,,
一个武汉隔离病房护士的自述,Verbal Account From a Quarantine Room Nurse at a Wuhan Hospital,https://mp.weixin.qq.com/s/WZ3sotusU6FX-eXcN5MrnA,https://web.archive.org/save/https://mp.weixin.qq.com/s/p-uPky_zB6XKcAetthqkKg,Untranslated,,
妈妈在武汉隔离病房去世,My Mother Passed Away in Hospital’s Quarantine Room,https://w.url.cn/s/AgccKPT,https://d26g9c7mfuzstv.cloudfront.net/ipfs/Qmex17os2z837RnYjKbNE9yZUbkenkdzPWfCNiLNC7tz3b/,Untranslated,,
寻药的武汉护士: 虽然怕，但我们愿意守护这座城,"Wuhan Nurse Searches for Medicine: We Are Scared, but We Want to Protect the City",https://mp.weixin.qq.com/s/Xl-uXGHEYUC-FBkLoaIJuw,https://web.archive.org/save/https://mp.weixin.qq.com/s/Xl-uXGHEYUC-FBkLoaIJuw,Untranslated,,
武汉：一条与肺炎赛跑的餐饮供应链,A Food Supply Chain in Wuhan That Is Racing Against Pneumonia,https://mp.weixin.qq.com/s/__CNpvaXb7EoVPT0vSOjdg,https://web.archive.org/save/https://mp.weixin.qq.com/s/__CNpvaXb7EoVPT0vSOjdg,Untranslated,,
一辆载着15万副医用手套的车向武汉开去 ,Driving 150 Thousand Pairs of Medical Gloves Into Wuhan,https://mp.weixin.qq.com/s/qCY1T3MV0_hTvlGxQBlQa,,Untranslated,,
疫情中一夜长大的少年,The Teenager Who Grows Up Overnight Amid Epidemic,https://mp.weixin.qq.com/s/9Li-0f3IjRsWVr6rwcT37A,https://web.archive.org/save/https://mp.weixin.qq.com/s/9Li-0f3IjRsWVr6rwcT37A,Untranslated,,
10000个临时发往武汉的口罩,10 Thousand Masks Sent to Wuhan,https://mp.weixin.qq.com/s/p-uPky_zB6XKcAetthqkKg,https://web.archive.org/save/https://mp.weixin.qq.com/s/p-uPky_zB6XKcAetthqkKg,Untranslated,,
我家离华南海鲜市场很近：返乡、封城、过年，一位武汉大学生的过去一周 ,"My Home Is Close to Huanan Seafood Market: Return to My Village, Lockdown, Lunar New Year –– One Wuhan College Student’s Week",https://mp.weixin.qq.com/s/n7dXGHh-79d6VEzDhhOUbQ,https://web.archive.org/web/20200203025743/https://mp.weixin.qq.com/s/n7dXGHh-79d6VEzDhhOUbQ,Untranslated,,
孝感前线医生：武汉更难，我们下面不好意思提要求,"Doctors in Xiaogan at Front Line: It’s More Difficult in Wuhan, We Lower-Level Cities Are Too Shy to Make Requests ",https://mp.weixin.qq.com/s/uGaFeqrqmLBQe5qdRSTeSQ,https://web.archive.org/save/https://mp.weixin.qq.com/s/uGaFeqrqmLBQe5qdRSTeSQ,Untranslated,,
疫情危机中不被看见的人们：武汉周边城市百姓的自救行动 ,The Unseens Amid Epidemic Crisis: How People Save Themselves in Wuhan’s Surrounding Cities,https://mp.weixin.qq.com/s/D8Ob8pNmecHKXg7yR7EWFg,https://web.archive.org/save/https://mp.weixin.qq.com/s/D8Ob8pNmecHKXg7yR7EWFg,Untranslated,,
恐慌很正常，当疫情结束，才是心理问题高发期,"Fear Is Normal, the Peak of Mental Issues Will Be After Epidemic",https://mp.weixin.qq.com/s/3Ox4w365hKqDU-_MAZJmbg,https://web.archive.org/save/https://mp.weixin.qq.com/s/3Ox4w365hKqDU-_MAZJmbg,Untranslated,,
疫情中的心理援助：寻找局部的安全,Mental Help During Epidemic: Search for Partial Sense of Security,https://mp.weixin.qq.com/s/s3uvlWVUJ5ySuTvDlu_TxA,https://web.archive.org/save/https://mp.weixin.qq.com/s/s3uvlWVUJ5ySuTvDlu_TxA,Untranslated,,
外卖骑手、出租车司机、快递员、志愿者……封城九日，他们维护着武汉的血脉 ,"Food Delivery Workers, Taxi Drivers,  Delivery Staff, Volunteers … Nine Days in City Lockdown, They Protect Wuhan’s Bloodline",https://mp.weixin.qq.com/s/fYDPoKsPZ78oxqXBDFHIcw,https://web.archive.org/save/https://mp.weixin.qq.com/s/fYDPoKsPZ78oxqXBDFHIcw,Untranslated,,
武汉封城后的宠物营救计划：人类犯错的后果，不该由它们承担,Pet Rescue Project in Quarantined Wuhan: Animals Shouldn’t Bear the Consequences of Human’s Fault,https://mp.weixin.qq.com/s/Z8b1ULpnAQwIOzyZmA7xHA,https://web.archive.org/save/https://mp.weixin.qq.com/s/Z8b1ULpnAQwIOzyZmA7xHA,Untranslated,,
鸡在瘟疫蔓延时,Chickens Amid the Spread of an Epidemic,https://mp.weixin.qq.com/s/yJ2ygq2NrMAhTFWYZsC3QA,https://web.archive.org/save/https://mp.weixin.qq.com/s/yJ2ygq2NrMAhTFWYZsC3QA,Untranslated,,
无法离开武汉的年关24小时,New Year 24 Hours for Those Who Stuck in Wuhan,https://mp.weixin.qq.com/s/XJMu31nimG-7gGJtz6klzg,https://web.archive.org/save/https://mp.weixin.qq.com/s/XJMu31nimG-7gGJtz6klzg,Untranslated,,
无法团年的武汉家庭：这时候你才发现亲情之重,The Wuhan Families That Couldn't Reunite: Only Until Then You Start to Value Families,https://mp.weixin.qq.com/s/31lhYygEyk5skCF-JteFJQ,https://web.archive.org/save/https://mp.weixin.qq.com/s/31lhYygEyk5skCF-JteFJQ,Untranslated,,
河南硬核防疫下的“武汉”归乡人,Henan People Returning From Wuhan to Hometown’s Heavy Disease Control,https://mp.weixin.qq.com/s/DbNrElRwx3Z_uSP0cSHabw,https://web.archive.org/save/https://mp.weixin.qq.com/s/DbNrElRwx3Z_uSP0cSHabw,Untranslated,,
湖北夫妇的狼狈返程：从三亚绕到义乌，被连夜隔离,"A Hubei Couple’s Difficult Trip Home: From Sanya to Yiwu, and Quarantined Overnight",https://mp.weixin.qq.com/s/G9rgy-elj01EJzAGb_y8xw,https://web.archive.org/save/https://mp.weixin.qq.com/s/G9rgy-elj01EJzAGb_y8xw,Untranslated,,
上海亲历者：名古屋机场冲突始末,A Shanghainese Witness: A Fight at Nagoya Airport,https://mp.weixin.qq.com/s/wuDd2py-bzZ1Yiq1G42pMA,https://web.archive.org/save/https://mp.weixin.qq.com/s/wuDd2py-bzZ1Yiq1G42pMA,Untranslated,,
湖北亲历者：我不希望再引起地域之争,A Hubeinese Witness: I Don’t Want to Start a Fight Over One’s Origin,https://mp.weixin.qq.com/s/T2MW5nPgEuR5rzMV2IdGAw,https://web.archive.org/web/20200203034852/https://mp.weixin.qq.com/s/T2MW5nPgEuR5rzMV2IdGAw,Untranslated,,
去留两难湖北人：我也不愿意连累任何人,“Stay or Go” Dilemma for Hubeinese: I Don’t Want to Give Others Trouble,https://mp.weixin.qq.com/s/eyjEBu4iby4d1f35SjcwCg,https://web.archive.org/web/20200203034855/https://mp.weixin.qq.com/s/eyjEBu4iby4d1f35SjcwCg,Untranslated,,
被疫情封门之后,After the Epidemic Shut the Door,https://mp.weixin.qq.com/s/iVB2mcOtQfKwT_viEZqZ6g,https://web.archive.org/save/https://mp.weixin.qq.com/s/iVB2mcOtQfKwT_viEZqZ6g,Untranslated,,
流落海外武汉人：我只想回家,Wuhan People Drifting Overseas: I Only Want to Go Home,https://mp.weixin.qq.com/s/BhP72wZBS9DqLX8IgTgr_A,https://web.archive.org/web/20200203034932/https://mp.weixin.qq.com/s/BhP72wZBS9DqLX8IgTgr_A,Untranslated,,
突然被延期开学击中的父母,Parents Who Are Troubled by the Delay of School Opening,https://mp.weixin.qq.com/s/KjkYqFEM_De8q3LddOZo5A,https://web.archive.org/save/https://mp.weixin.qq.com/s/KjkYqFEM_De8q3LddOZo5A,Untranslated,,
直击肺炎疫情下的武汉、北京、香港,"Direct From Wuhan, Beijing, Hong Kong Under Coronavirus Epidemic",https://mp.weixin.qq.com/s/g0yMaWd6JbkSp2t79wjh7A,https://web.archive.org/save/https://mp.weixin.qq.com/s/g0yMaWd6JbkSp2t79wjh7A,Untranslated,,
聚焦武汉肺炎疫情：“大众畜牧野味”确实存在，市场休市后才闭店,Wuhan Coronavirus Epidemic in Focus: Shop Selling Game Meat Did Exist; Only Shut Down After Market Closure ,https://mp.weixin.qq.com/s/6CPkhUWzM6f2NxP8rMWNUQ,https://web.archive.org/save/https://mp.weixin.qq.com/s/6CPkhUWzM6f2NxP8rMWNUQ,Untranslated,,
武汉“封城”首日,The First Day of Wuhan Lockdown ,https://mp.weixin.qq.com/s/wsF9JFH2CayADLXqJIS1wg,https://web.archive.org/save/https://mp.weixin.qq.com/s/wsF9JFH2CayADLXqJIS1wg,Untranslated,,
 除夕夜，写下“请战书”的小汤山非典医疗队驰援武汉,"After Signing “Request to Battle” on New Year’s Eve, a Xiaotangshan SARS Medical Team Sprinted to Wuhan  ",http://www.bjnews.com.cn/inside/2020/01/25/679110.html,https://web.archive.org/save/http://www.bjnews.com.cn/inside/2020/01/25/679110.html,Untranslated,,
小汤山医院设计师：没想到图纸再用，希望武汉新医院效果更好,Architect of Xiaotangshan Hospital: Didn’t Expect the Drawings to Be Reused; Hope Wuhan Hospital Will Be More Effective ,https://mp.weixin.qq.com/s/1n-xp71p0D8odkuZhIvfTg,https://web.archive.org/save/https://mp.weixin.qq.com/s/1n-xp71p0D8odkuZhIvfTg,Untranslated,,
绿色通道、通行证、医院证明：医疗捐赠物资出入武汉记,"Green Pass, Travel Permit, and Hospital Certification: How Medical Donations Go in and out of Wuhan ",https://mp.weixin.qq.com/s/R-iXDgYd3ZZLBLiLEzxH9g,https://web.archive.org/save/https://mp.weixin.qq.com/s/R-iXDgYd3ZZLBLiLEzxH9g,Untranslated,,
一个河北县城的防疫：建成隔离病区，医护缺乏专业口罩,"Epidemic Prevention in a Hebei County: Isolation Wards Built, Lack of Professional Masks for Medical Workers  ",https://mp.weixin.qq.com/s/K8K3KJiTbOhXW8_x_-eCJg,https://web.archive.org/web/20200203035126/https://mp.weixin.qq.com/s/K8K3KJiTbOhXW8_x_-eCJg,Untranslated,,
武汉某定点医院被隔离的医生：曾一晚接诊200名患者,A Quarantined Doctor at Designated Hospital in Wuhan: Once Treated 200 Patients a Night,https://mp.weixin.qq.com/s/W5_q5hIl2TXKjkwKPQj0Ng,https://web.archive.org/web/20200203035120/https://mp.weixin.qq.com/s/W5_q5hIl2TXKjkwKPQj0Ng,Untranslated,,
黄冈“小汤山”的志愿服务48小时,The 48 Hours of a Volunteer for Huanggang’s “Xiaotangshan” Hospital,https://mp.weixin.qq.com/s/FefTq9st-CqqEPTL02D-Kg,https://web.archive.org/save/https://mp.weixin.qq.com/s/FefTq9st-CqqEPTL02D-Kg,Untranslated,,
武汉医生驿站 ：为4万人次提供住宿 有退出也有坚守,"Wuhan Hotels for Doctors: Provided Accommodation for 40,000 People; Some Quit, Some Persisted.   ",https://mp.weixin.qq.com/s/9xE1nK4DkFcutVCsG7WNaA,https://web.archive.org/save/https://mp.weixin.qq.com/s/9xE1nK4DkFcutVCsG7WNaA,Untranslated,,
武汉定点医院一床难求，患者居家用衣柜隔离 ,A Shortage of Beds at Wuhan’s Designated Hospitals: Patients Use Closet to Stay Isolated at Home ,https://mp.weixin.qq.com/s/p45GBxC_Nm1lcZJg1hf6ZA,https://web.archive.org/save/https://mp.weixin.qq.com/s/p45GBxC_Nm1lcZJg1hf6ZA,Untranslated,,
失控的野味 ,The Out-Of-Control Game Meat ,https://mp.weixin.qq.com/s/3Cxd9SKzxIxZIOKp6uz-VQ,,Untranslated,,
暴风眼中的武汉 ,Wuhan Under the Eye of the Storm ,https://mp.weixin.qq.com/s/W0sY-XHFBcp382BKWSi90w,https://web.archive.org/save/https://mp.weixin.qq.com/s/W0sY-XHFBcp382BKWSi90w,Untranslated,,
直面新型肺炎，“刀尖上”的医护人员,"Facing 2019-nCoV, the Medical Staff “on the Tip of the Knife” ",https://mp.weixin.qq.com/s/A6J-kpsOfdrB0z9gcYoffg,https://web.archive.org/save/https://mp.weixin.qq.com/s/A6J-kpsOfdrB0z9gcYoffg,Untranslated,,
新型肺炎阴影下，迅速应对的香港,Hong Kong Responds Quickly as 2019-nCoV Looms ,https://mp.weixin.qq.com/s/ItZEUJcvppAnlcVYQUPV5Q,https://web.archive.org/save/https://mp.weixin.qq.com/s/ItZEUJcvppAnlcVYQUPV5Q,Untranslated,,
武汉之外湖北多地医用物资告急：口罩最缺，根本买不到,Urgent Medical Supplies Shortage in Hubei Outside Wuhan: Among Them Masks Are Scarcest,https://mp.weixin.qq.com/s/RKnxbAn95LLyucx1Ms-FOQ,https://web.archive.org/save/https://mp.weixin.qq.com/s/RKnxbAn95LLyucx1Ms-FOQ,Untranslated,,
直击肺炎：有人囤货涨价用现金交易，线上断货线下断供 ,"Direct Reporting on Pneumonia: Some People Stockpile Supplies, Raise Prices and Only Accept Cash; Online out of Stock, Offline out of Supplies",https://mp.weixin.qq.com/s/V7snceHLfx3SK6XiLNZu9Q,https://web.archive.org/web/20200203040434/https://mp.weixin.qq.com/s/V7snceHLfx3SK6XiLNZu9Q,Untranslated,,
小城肺炎防疫父女战：戴口罩小题大做，怕被认出来“丢人”,A Fight Between Father and Daughter in a Small Town’s Epidemic Prevention Battle: Afraid of “Losing Face” for Wearing Masks ,https://mp.weixin.qq.com/s/kgc08lqpBEEyVyz1qI8w1Q,https://web.archive.org/save/https://mp.weixin.qq.com/s/kgc08lqpBEEyVyz1qI8w1Q,Untranslated,,
武汉被感染护士康复后返岗，隔离前曾给家人留“遗书” ,Infected Nurse in Wuhan Returned to Work After Recovery: Once Left Family Members Her Will Before Quarantine ,https://mp.weixin.qq.com/s/fRvkZpRSof3zjMz5QAsMDg,https://web.archive.org/save/https://mp.weixin.qq.com/s/fRvkZpRSof3zjMz5QAsMDg,Untranslated,,
他离华南海鲜市场仅10分钟车程，一份来自疫区核心的市民观察,He’s Only a 10-Minute Drive From South China Seafood Market: A Resident’s Observation From the Center of the Epidemic ,https://mp.weixin.qq.com/s/U6SUB9gqdClKd1-jmSLxxQ,https://web.archive.org/save/https://mp.weixin.qq.com/s/U6SUB9gqdClKd1-jmSLxxQ,Untranslated,,
“一家三口都感染上了，能不能卖给我”？意外走红的抗艾药 ,"“Our Family of Three Are All Infected, Can You Sell It to Me?” The Unexpected Popularity of HIV Drugs ",https://mp.weixin.qq.com/s/fBnEIhYhUc8UfLHXZ4O8aA,https://web.archive.org/save/https://mp.weixin.qq.com/s/fBnEIhYhUc8UfLHXZ4O8aA),In Progress,,
天价口罩背后：原料价一天一涨，不惜亏本生产 ,Behind Masks’ Sky-High Price: Raw Material Prices Go up Every Day but Production Continues at Any Cost  ,https://mp.weixin.qq.com/s/n5hZE4rlszGiu6ra3jzXgg,https://web.archive.org/save/https://mp.weixin.qq.com/s/n5hZE4rlszGiu6ra3jzXgg,Untranslated,,
隔离病房中的95后：隔离区没法上厕所，纸尿裤是必须的 ,Gen-Z in Isolation Ward: Toilet Can’t Be Used in Isolation Area; Diapers Are a Must ,https://mp.weixin.qq.com/s/Ip5ygFwyV5n6p2RfnZaQoA,https://web.archive.org/web/20200203034209/https://mp.weixin.qq.com/s/Ip5ygFwyV5n6p2RfnZaQoA,Untranslated,,
对话“传谣”被训诫医生：我是在提醒大家注意防范 ,Doctor Admonished for “Spreading Rumors”: I Was Reminding Everyone of Prevention   ,https://mp.weixin.qq.com/s/S5z5jwSUr18pXexTFVa7uQ,https://web.archive.org/save/https://mp.weixin.qq.com/s/S5z5jwSUr18pXexTFVa7uQ,Untranslated,,
武汉医护酒店支援联盟发起人：我们一群人干了良心事 ,Founder of Wuhan Medical Hotel Support Alliance: We Followed Our Conscience,https://mp.weixin.qq.com/s/0fp2WglnapOlldcw1V453A,https://web.archive.org/save/https://mp.weixin.qq.com/s/0fp2WglnapOlldcw1V453A,Untranslated,,
疫情侵扰下的透析之路 ,Getting to Dialysis Treatments During the Epidemic,https://mp.weixin.qq.com/s/R4EJKAwi_IVaAFsaOfoUWg,https://web.archive.org/save/https://mp.weixin.qq.com/s/R4EJKAwi_IVaAFsaOfoUWg,Untranslated,,
一夜疯狂的双黄连：有中药企业大年初二就开始加班生产 ,The Overnight Frenzy of Shuanghuanglian Medicine: Some Chinese Drug Companies Start Overtime Production on the Second Day of Chinese New Year ,https://mp.weixin.qq.com/s/i93IabMRgRt7R3OXO6iq_g,https://web.archive.org/save/https://mp.weixin.qq.com/s/i93IabMRgRt7R3OXO6iq_g,Untranslated,,
02-02 湖北一亿只亟需饲料的蛋鸡 ,100 Million Laying Hens in Need of Feed in Hubei ,https://mp.weixin.qq.com/s/SM0QoFefHyIiCjp8FsnDGw,https://web.archive.org/save/https://mp.weixin.qq.com/s/SM0QoFefHyIiCjp8FsnDGw,Untranslated,,
疫情之下，守护武汉的面孔 ,"Under the Epidemic, Faces of Those Protecting Wuhan",https://mp.weixin.qq.com/s/eY6JN2OlexP9LyU7JxwTlg,https://web.archive.org/save/https://mp.weixin.qq.com/s/eY6JN2OlexP9LyU7JxwTlg,Untranslated,,
一个武汉肺炎康复患者的样本观察：我与新型冠状病毒搏斗的22天,A Sample Observation of a Recovering Pneumonia Patient in Wuhan: My 22-Day Fight Against the New Coronavirus ,https://mp.weixin.qq.com/s/Ps5lUon8LMCxLrPGwqKjMg,https://web.archive.org/save/https://mp.weixin.qq.com/s/Ps5lUon8LMCxLrPGwqKjMg,Untranslated,,
抗击新型冠状病毒的基层医院：发热门诊排长队，防疫物资现短缺，送检需有疫区接触史 ,"Low-Level Hospitals Fighting 2019-nCoV: Long Queues for Fever Departments, Shortage of Supplies, and Contact History for Epidemic Areas Is Required for Testing",https://mp.weixin.qq.com/s/f-mER12NzQPQBjVlXgpUYA,https://web.archive.org/save/https://mp.weixin.qq.com/s/f-mER12NzQPQBjVlXgpUYA,Untranslated,,
武汉除夕故事：照顾发烧的丈夫，妻子穿上一次性塑料雨衣,Wuhan New Year’s Eve Story: Wife Dons Disposable Raincoat to Take Care of Husband Who Has Fever,https://mp.weixin.qq.com/s/9vU-JV6adRw62muBydqT0Q,https://web.archive.org/web/20200203030518/https://mp.weixin.qq.com/s/9vU-JV6adRw62muBydqT0Q,Untranslated,,
自我隔离的抗疫医生：没人去坐市民的爱心车，骂跑要来陪的女朋友,"Doctor Under Self-Quarantine: No Doctor Took a Ride From Volunteers, He Chased Away Girlfriend Who Came to Accompany Him   ",https://mp.weixin.qq.com/s/iq3iNFpnqchhr1_dZDv8HA,https://mp.weixin.qq.com/s/iq3iNFpnqchhr1_dZDv8HA,Untranslated,,
受训诫的武汉医生,The Wuhan Doctor Who Was Warned,,https://d26g9c7mfuzstv.cloudfront.net/ipfs/QmY5JNWSaCPMfcC3SrLCeALfpnS2N93D8BG7n9nibaVwUp/,Untranslated,,
“中国顶级SARS病房”专家童朝晖：目前重症患者没有减少趋势，核酸检测已引入第三方,"Tong Chaohui, the Expert From China’s Top SARS Patient Ward: No Signs of Fewer Patients in Critical Condition, Third Party Companies Started Diagnostic Test. ",https://mp.weixin.qq.com/s/NBdAjSF8WAYYuSq9d2hYYA,https://web.archive.org/save/https://mp.weixin.qq.com/s/NBdAjSF8WAYYuSq9d2hYYA,Untranslated,,
武汉街头的“摆渡人”：每分钟处理1000条信息，不是不怕感染，停了医护人员怎么上班,"Volunteer Drivers in Wuhan: They Receive 1000 Messages Every Minute; They Are Afraid of Being Infected; But If They Stop, How Can Medics Go to Work?",https://mp.weixin.qq.com/s/fUtAhkgUZvpLHEAvX6O-Tg,https://web.archive.org/web/20200203034135/https://mp.weixin.qq.com/s/fUtAhkgUZvpLHEAvX6O-Tg,Untranslated,,
武汉城外的重负：地县乡三级抗疫遭遇的百万返乡潮,Burden Outside of Wuhan: The Millions Returning to Villages and Towns Challenge Disease Control,https://mp.weixin.qq.com/s/o36treeC6mAJSzd92bKLZQ,https://web.archive.org/web/20200203031252/https://mp.weixin.qq.com/s/o36treeC6mAJSzd92bKLZQ,Untranslated,,
新冠病毒出现多例“两阴后变阳”病例，专家称临床不应轻易排除,"Multiple Patients Tested 2019-nCoV Negative Before Testing Positive, Expert Suggests Not to Exclude Negative Results",https://mp.weixin.qq.com/s/ROO6IRPYUHHnJzHnCR88sQ,https://mp.weixin.qq.com/s/ROO6IRPYUHHnJzHnCR88sQ,Untranslated,,
一个武汉红十字会志愿者的自述,Verbal Account From a Wuhan Red Cross Volunteer,https://mp.weixin.qq.com/s/f-5AC4hP2M06Va48CsLRxQ,https://mp.weixin.qq.com/s/f-5AC4hP2M06Va48CsLRxQ,Untranslated,,
口罩每天产800万只，厂商疯狂加班生产,"Producing 8 Million Masks, a Factory Runs on Overdrive ",https://mp.weixin.qq.com/s/pLJOk_83sCkqnyL9_nI6zA,https://web.archive.org/save/https://mp.weixin.qq.com/s/pLJOk_83sCkqnyL9_nI6zA,Untranslated,,
武汉试剂代理商口述：我所知道的新型肺炎确诊盒供应现状 ,Verbal Accounts of a Wuhan Testing Kit Agent: What I Know About the Current Situation on Coronavirus Testing Kits ,https://mp.weixin.qq.com/s/qoukJCLyFhUamB0GetOhLw,https://web.archive.org/save/https://mp.weixin.qq.com/s/qoukJCLyFhUamB0GetOhLw),Untranslated,,
疫袭黄冈：从确诊到住院，短缺不止武汉 ,"Huanggang Hit by Epidemic: From Diagnose to Hospitalization, Shortage Goes Beyond Wuhan ",https://mp.weixin.qq.com/s/JxDg96QcU39uo5BJyU6TqA,https://web.archive.org/save/https://mp.weixin.qq.com/s/JxDg96QcU39uo5BJyU6TqA,Untranslated,,
武汉“难忘今宵”：一个年味杂陈的除夕夜 ,"""Unforgettable Night"" in Wuhan: A New Years Eve With Mixed Tastes ",https://mp.weixin.qq.com/s/PKi7uaFhAW7-Tkh9Oy13Rw,https://web.archive.org/save/https://mp.weixin.qq.com/s/PKi7uaFhAW7-Tkh9Oy13Rw,Untranslated,,
回不了家的武汉人 ,Wuhaners Who Cannot Return Home ,https://mp.weixin.qq.com/s/WEZlxPF53garYEWNBkN9HA,https://web.archive.org/save/https://mp.weixin.qq.com/s/WEZlxPF53garYEWNBkN9HA,Untranslated,,
交通停摆之后，武汉医护人员出行难怎么解决 ,After Suspension of All Traffic: How Wuhan Medical Staff Get Around,http://infzm.com/contents/175322,https://web.archive.org/save/http://infzm.com/contents/175322,Untranslated,,
武汉一线医护人员现在缺什么,What Frontline Wuhan Medical Staff Urgently Need ,https://mp.weixin.qq.com/s/UxguDEWZmis84eil08B6qQ,https://web.archive.org/save/https://mp.weixin.qq.com/s/UxguDEWZmis84eil08B6qQ,Untranslated,,
迟到的农村防疫：1个鄂西村医，44名武汉返乡人，来不及测的体温,"Belated Epidemic Prevention in Rural China: One Village Doctor in West Hubei, 44 Returnees From Wuhan, No Time for Temperature Check ",https://mp.weixin.qq.com/s/DplK_A7_Zdlbz--l6ez0_w,https://web.archive.org/save/https://mp.weixin.qq.com/s/DplK_A7_Zdlbz--l6ez0_w,Untranslated,,
到边界拿货，货车司机组队……医疗物资如何打通武汉城 ,Truck Drivers Organize Supply Pickup From the Border -- How Medical Supplies Reach Wuhan ,https://mp.weixin.qq.com/s/GSmKFji5YCbXadOSCWGaBg,https://web.archive.org/save/https://mp.weixin.qq.com/s/GSmKFji5YCbXadOSCWGaBg,Untranslated,,
肺炎疫情亟需心理干预：“处理恐慌也是重大任务” ,"Psychological Intervention Badly Needed in the Face of the Epidemic: ""Dealing With Panic Is Also a Major Task"" ",https://mp.weixin.qq.com/s/aMm-biE3d8svmbKI2TLjRg,https://web.archive.org/save/https://mp.weixin.qq.com/s/aMm-biE3d8svmbKI2TLjRg,Untranslated,,
武汉机动车禁令后，这支四千人志愿车队说：“我们还在” ,"After Motor Vehicles Are Banned, These 4000 Volunteer Drivers Say ""We're Still Here"" ",https://mp.weixin.qq.com/s/MPvdHv_ue0Xsnl--pmWyyA,https://web.archive.org/save/https://mp.weixin.qq.com/s/MPvdHv_ue0Xsnl--pmWyyA,Untranslated,,
医护人员用文件袋自制护目镜——湖北县镇乡村防疫战  ,Medical Workers Make Protective Goggles With Plastic File Holders -- Fighting the Epidemic in Counties and Townships of Hubei ,https://mp.weixin.qq.com/s/fvNVeyEQnkuyAGIeP6Gtug,https://web.archive.org/save/https://mp.weixin.qq.com/s/fvNVeyEQnkuyAGIeP6Gtug,Untranslated,,
武汉再造“小汤山”，当年的设计师叮嘱“保证安全是首位”,"Another Xiaotangshan Is Being Built in Wuhan. Its Architect Stresses ""Safety as Priority""",https://mp.weixin.qq.com/s/ptfu9KG4taWQP157yuLA7w,https://web.archive.org/save/https://mp.weixin.qq.com/s/ptfu9KG4taWQP157yuLA7w,Untranslated,,
 当饭圈遭遇疫情：做就是全部，公益无攀比 ,When the Fan Groups Meet the Epidemic: Action Is All That Matters -- No Competition Between Groups ,https://mp.weixin.qq.com/s/WXvKDeeL5kyqvR9csV8img,https://web.archive.org/save/https://mp.weixin.qq.com/s/WXvKDeeL5kyqvR9csV8img,Untranslated,,
襄阳：如何成为湖北唯一不“封城”的地级市 ,Xiangyang: How It Became the Only City That's Not Locked Down ,https://mp.weixin.qq.com/s/mjJ0UFgVDZYobb9vDgfVAg,https://web.archive.org/save/https://mp.weixin.qq.com/s/mjJ0UFgVDZYobb9vDgfVAg,Untranslated,,
“收留”回不了家的武汉人 ,"""Giving a Shelter"" to the Wuhan People Who Could Not Go Home ",https://mp.weixin.qq.com/s/hn_f5kscSBVHOVKlFrj78g,https://web.archive.org/save/https://mp.weixin.qq.com/s/hn_f5kscSBVHOVKlFrj78g,Untranslated,,
转染色体牛有望对抗新型冠状病毒 ,Transchromosomal Cows May Help Fight the Virus ,https://mp.weixin.qq.com/s/zGfwiKsXaXf6SQN3vpcaFQ,https://web.archive.org/save/https://mp.weixin.qq.com/s/zGfwiKsXaXf6SQN3vpcaFQ,Untranslated,,
买票都实名制了，为何还借媒体找密切接触者？,Purchasing Tickets Requires a Name. Why Do We Need the Media to Help Find Fellow Passengers?,https://mp.weixin.qq.com/s/wDJOGB5HGvHHavPvs8bInQ,https://web.archive.org/save/https://mp.weixin.qq.com/s/wDJOGB5HGvHHavPvs8bInQ,Untranslated,,
那些志愿“以命相托”的武汉司机,Volunteer Drivers in Wuhan Form Help Groups via Social Media and Risk Their Lives to Help Strangers ,https://mp.weixin.qq.com/s/2MVPC1kk1O7t99bZabyvWQ,https://web.archive.org/web/20200203042044/https://mp.weixin.qq.com/s/2MVPC1kk1O7t99bZabyvWQ,Untranslated,,
 防控疫情不力，全国至少33名干部受处分 ,At Least 33 Officials Punished for Having Failed at Epidemic Control,https://mp.weixin.qq.com/s/5XiDAr82HVoWOSzi5QjLzw,https://web.archive.org/save/https://mp.weixin.qq.com/s/5XiDAr82HVoWOSzi5QjLzw,Untranslated,,
疫情重压下的武汉殡葬服务：封城影响处理时间，患者遗体限定殡仪馆接收 ,Wuhan Cremation Service Is Under Huge Pressure from the Epidemic: Lockdown Slows the Process and Funeral Parlors Face Restrictions on Receiving Bodies of Patients,https://mp.weixin.qq.com/s/yZoJtfEubQZt6snw4qFI6Q,https://web.archive.org/web/20200203030935/https://mp.weixin.qq.com/s/yZoJtfEubQZt6snw4qFI6Q,Untranslated,,
湖北基层医院采购医生：封城后，到高速服务区“抢”口罩 ,"Purchasing Staff of Hubei Local Hospitals: After the Lockdown, We ""Grab"" Masks at Highway Service Station ",https://mp.weixin.qq.com/s/0Poh4jtzw8iIVL5vAKcnag,https://web.archive.org/save/https://mp.weixin.qq.com/s/0Poh4jtzw8iIVL5vAKcnag,Untranslated,,
"武汉启动“分级诊疗”后：社区医院物资短缺,有的护士防护服打上了补丁 ",Diagnosis and Treatment Must Be Done at Different Levels: Community Clinic Face Supply Shortage and Some Nurses Wear Patched-Up Protection Suits ,https://mp.weixin.qq.com/s/t4P2rm0-AQ6Q-dojMKTT3A,https://web.archive.org/save/https://mp.weixin.qq.com/s/t4P2rm0-AQ6Q-dojMKTT3A,Untranslated,,
武汉市红十字会工作人员： “我们的职能就是收，我们没有权力去决定发” ,"Staff at Wuhan Red Cross Says: ""Our Job Is to Receive Donations and We Have No Rights to Distribute""",https://mp.weixin.qq.com/s/0LyZtMNH87vnDwPNPymYHg,https://web.archive.org/web/20200203040034/https://mp.weixin.qq.com/s/0LyZtMNH87vnDwPNPymYHg,Untranslated,,
武汉一线医生眼中的困难：“最主要是供氧问题” ,"Challenge in the Eyes of Frontline Doctors in Wuhan: ""Main Issue Is Oxygen Supply"" ",https://mp.weixin.qq.com/s/TlmSt1ZK7q8Dhp8vvuK1tA,https://web.archive.org/save/https://mp.weixin.qq.com/s/TlmSt1ZK7q8Dhp8vvuK1tA,Untranslated,,
湖北有很多鸡，怕撑不过正月十五了,Large Number of Chickens in Hubei May Not Survive Past the Lantern Festival ,https://mp.weixin.qq.com/s/mpXkMWlsMTZw1hs8tiThKA,https://web.archive.org/save/https://mp.weixin.qq.com/s/mpXkMWlsMTZw1hs8tiThKA,Untranslated,,
“不是告急，是没有了”——武汉协和医院救援物资之困 ,"""Not Just Urgent. We Ran out"" -- the Supply Problem Facing Wuhan Xiehe Hospital ",https://mp.weixin.qq.com/s/UIrw86g_l_uEX-z29_N9yQ,https://web.archive.org/save/https://mp.weixin.qq.com/s/UIrw86g_l_uEX-z29_N9yQ,Untranslated,,
独家深访：从发现到封城，武汉一线医护复盘疫情为何爆发 ,Exclusive and In-Depth: From Early Signs to City Lockdown -- Frontline Medical Staff Reveals How the Epidemic Started and Spread ,https://mp.weixin.qq.com/s/tKNwe5bY-rCqhl-juJWqrg,https://web.archive.org/save/https://mp.weixin.qq.com/s/tKNwe5bY-rCqhl-juJWqrg,Untranslated,,
面对疫情，疾控中心是怎么工作的 ,"In the Face of the Epidemic, How the Disease Control Center Operates ",https://mp.weixin.qq.com/s/P-P8N6UCsEXrxYGNEAKFiw,https://web.archive.org/save/https://mp.weixin.qq.com/s/P-P8N6UCsEXrxYGNEAKFiw,Untranslated,,
疫情风暴眼中的武汉居民生活,Life of Wuhan Residents at the Epicenter of the Epidemic ,https://mp.weixin.qq.com/s/kwBENUa9-Y8YRU5AfUEp2Q,https://web.archive.org/web/20200203025826/https://mp.weixin.qq.com/s/kwBENUa9-Y8YRU5AfUEp2Q,Untranslated,,
医护人员住宿需求大，逾235家武汉酒店自发免费接待医护工作者,"To Meet Medical Staff's Huge Demand for Accommodation, Over 235 Hotels in Wuhan Volunteer to Offer Free Living ",https://mp.weixin.qq.com/s/1VnblN_kMRVXqq-duvdqpg,https://web.archive.org/web/20200203025942/https://mp.weixin.qq.com/s/1VnblN_kMRVXqq-duvdqpg,Untranslated,,
武汉之外：多地村镇缺少隔离措施、防疫宣传，县级医院物资短缺 ,Beyond Wuhan: Lack of Isolation Measures and Prevention Education; Supply Shortage in County Level Hospitals ,https://mp.weixin.qq.com/s/A2qcD4OIxErShAKunptGGQ,https://web.archive.org/web/20200203030025/https://mp.weixin.qq.com/s/A2qcD4OIxErShAKunptGGQ,Untranslated,,
危机下的民间志愿者：把自己逼成超级对接平台 ,Non-Governmental Volunteers in the Face of Crisis: Turning Ourselves Into Super Docking Platforms ,https://mp.weixin.qq.com/s/z2lBpuEy10sMIIGxrtyW3g,https://web.archive.org/web/20200203030155/https://mp.weixin.qq.com/s/z2lBpuEy10sMIIGxrtyW3g,Untranslated,,
线上问诊：抗击疫情的“第二战场” ,"Online Diagnosis: ""the Second Battlefield"" of the Epidemic Fight",https://mp.weixin.qq.com/s/8NGohUZvOmbc7f2I7Foabg,https://web.archive.org/save/https://mp.weixin.qq.com/s/8NGohUZvOmbc7f2I7Foabg,Untranslated,,
林俊杰、孙燕姿为疫情写歌：没有被禁锢的城，只有不离开的爱,"Sun Junjie and Sun Yanzi Write Songs for the Epidemic Fight: No Locked-Down Cities, Only Inseparable Love ",https://mp.weixin.qq.com/s/7kA5-ZsZqiK_T1lVPTnyWQ,https://web.archive.org/save/https://mp.weixin.qq.com/s/7kA5-ZsZqiK_T1lVPTnyWQ,Untranslated,,
封城下的“出行难题”和急需去医院的人们,"""Travel Difficulties"" Under Lockdown and Those Who Must Visit Hospitals ",https://mp.weixin.qq.com/s/01doIwJFHoOfzZWiWUuPqQ,https://web.archive.org/save/https://mp.weixin.qq.com/s/01doIwJFHoOfzZWiWUuPqQ,Untranslated,,
“不透析就是在等死” ，尿毒症患者的封城困境 ,"""Waiting to Die Without Dialysis"" -- Dilemma for Uremia Patients Under Lockdown",https://mp.weixin.qq.com/s/ee7A9K-ZmTgg_p8CL2gpnA,https://web.archive.org/save/https://mp.weixin.qq.com/s/ee7A9K-ZmTgg_p8CL2gpnA,Untranslated,,
疫情之下，闯关到“前线”的海外捐赠物资 ,"Overseas Supply Donations That Have Crossed the Border and Reached the ""Frontline"" While the Epidemic Spreads ",https://mp.weixin.qq.com/s/MfPOSTHpGXZxfLjxCmUn2A,https://web.archive.org/save/https://mp.weixin.qq.com/s/MfPOSTHpGXZxfLjxCmUn2A,Untranslated,,
“她不怕我们！”被刷屏的湛江，这样对待湖北籍旅客 ,"""She’s Not Afraid of Us!"" –– Zhanjiang, Trending on Social Media, Treats Hubei Travelers Like This",https://mp.weixin.qq.com/s/oqwmmL8xs0JYllpAhTkOWg,https://web.archive.org/save/https://mp.weixin.qq.com/s/oqwmmL8xs0JYllpAhTkOWg,Untranslated,,
春节健康特稿|压床：ICU不能承受之重 ,Special Spring Festival Health Coverage: The Unbearable Lightness of the ICU,http://weekly.caixin.com/2019-01-19/101371897.html,https://docs.google.com/document/d/1gp3yIt300Z8W2R3h1QCeXTSlHrMWrMkhPO_40CKlkto/edit?usp=sharing,Untranslated,,
记者手记|野味成武汉肺炎元凶 你见过香港菜市场这么卖活物吗？,Reporter's Notes | Games Becoming the Culprit in the Wuhan Pneumonia Epidemic; Have You Ever Seen Sales of Life Animals Like These in Hong Kong Food Markets? ,http://www.caixin.com/2020-01-22/101507417.html,https://web.archive.org/save/http://www.caixin.com/2020-01-22/101507417.html,Untranslated,,
解读|武汉肺炎是如何确诊和发布的 ,Analysis | How the Wuhan Pneumonia Is Being Diagnosed and Tallied,http://www.caixin.com/2020-01-23/101507556.html,https://web.archive.org/save/http://www.caixin.com/2020-01-23/101507556.html,Untranslated,,
武汉百步亭“万家宴”过后 当地药店口罩脱销 ,武汉百步亭“万家宴”过后 当地药店口罩脱销 ,http://www.caixin.com/2020-01-23/101507508.html,https://web.archive.org/save/http://www.caixin.com/2020-01-23/101507508.html,Untranslated,,
发热患者定点医院里的故事 ,Stories of Fever Patients in Designated Hospitals,http://www.caixin.com/2020-01-24/101508140.html,https://web.archive.org/save/http://www.caixin.com/2020-01-24/101508140.html,Untranslated,,
汉口医院直击：何时不再一床难求 ,Direct Report From Hankou Hospital: When Would Hospital Beds Stop Being So Hard to Find? ,http://www.caixin.com/2020-01-24/101508168.html,https://web.archive.org/save/http://www.caixin.com/2020-01-24/101508168.html,Untranslated,,
湖北抗击肺炎疫情这一周：防控措施如何升级 ,A Week of Fighting the Pneumonia Epidemic in Hubei: How Prevention and Control Measures Are Escalated ,http://www.caixin.com/2020-01-26/101508442.html,https://web.archive.org/web/20200129161928/http://www.caixin.com/2020-01-26/101508442.html,Untranslated,,
抗击“武汉肺炎”   多险企为医护人员提供保险保障 ,"Fighting ""Wuhan Pneumonia"": Multi-Risk Insurance Companies Provide Coverage for Medical Staff",http://www.caixin.com/2020-01-27/101508806.html,https://web.archive.org/web/20200127163147/http://www.caixin.com/2020-01-27/101508806.html,Untranslated,,
超万名医生线上问诊 补充湖北医疗资源,"Over 10,000 Doctors Providing Online Consultation to Supplement Medical Resources for Hubei",http://www.caixin.com/2020-01-28/101508924.html,https://web.archive.org/save/http://www.caixin.com/2020-01-28/101508924.html,Untranslated,,
特写|疫情重压下的武汉社区：老人高烧死在家里之后,Feature | Wuhan Community Under the Weight of the Epidemic: An Elderly Died of High Fever at Home,http://www.caixin.com/2020-01-29/101509272.html,https://web.archive.org/web/20200201024101/http://www.caixin.com/2020-01-29/101509272.html,Untranslated,,
 新春新知|解药：新药和疫苗远水难救近火 专家吁政府长期投入 ,New Year New Information | Antidote: New Medicine and New Vaccines Are Far Away and Cannot Help Solve the Current Crisis; Experts Urge the Government to Engage in Long-Term Investment        ,http://www.caixin.com/2020-01-30/101509498.html,https://web.archive.org/save/http://www.caixin.com/2020-01-30/101509498.html,Untranslated,,
独家|中国疾控中心高福、冯子健回应论文风波 ,Exclusive | Gao Fu & Feng Zijian from Chinese CDC Respond to the Paper Publication Controversy,http://www.caixin.com/2020-01-31/101509841.html,https://web.archive.org/save/http://www.caixin.com/2020-01-31/101509841.html,Untranslated,,
交通管制重创湖北家禽养殖业  鸡蛋积压鸡苗难消化 ,Traffic Control Hits Hubei's Poultry Industry; Backlogs of Eggs and Chicks Hard to Resolve,http://www.caixin.com/2020-02-01/101510167.html,https://web.archive.org/save/http://www.caixin.com/2020-02-01/101510167.html,Untranslated,,
 封面报道之一|现场篇：武汉围城,Cover Story Part 1: Wuhan Lockdown,http://weekly.caixin.com/2020-02-01/101510145.html,https://web.archive.org/web/20200203040240/http://weekly.caixin.com/2020-02-01/101510145.html,Untranslated,,
,"In Depth: How Wuhan Lost the Fight to Contain the Coronavirus (Paywall, already in English)",https://www.caixinglobal.com/2020-02-03/in-depth-how-wuhan-lost-the-fight-to-contain-the-coronavirus-101510749.html,Paywall,Translated & Edited,Caixin,See content link (paywall)
封面报道之二|疑似病人难题：谁来关心移动的传染源？,Cover Story Part 2: The Problem of Suspected Patients: Who Cares About Mobile Sources of Infection?,http://weekly.caixin.com/2020-02-01/101510146.html,https://web.archive.org/web/20200203025213/http://weekly.caixin.com/2020-02-01/101510146.html,Untranslated,,
封面报道之三|溯源新冠病毒,Cover Story Part 3: Tracing the Source of 2019-nCoV,http://weekly.caixin.com/2020-02-01/101510144.html,https://web.archive.org/web/20200203032202/http://weekly.caixin.com/2020-02-01/101510144.html,Untranslated,,
,"In Depth: Tracing the Coronavirus’s Origins (Paywall, already in English)",https://www.caixinglobal.com/2020-02-05/in-depth-tracing-the-coronaviruss-origins-101511889.html,Paywall,Translated & Edited,Caixin,See content link (paywall)
封面报道之四| 全球共济,Cover Story Part 4: Global Aid,http://weekly.caixin.com/2020-02-01/101510143.html,https://web.archive.org/web/20200202090237/http://weekly.caixin.com/2020-02-01/101510143.html,Untranslated,,
,"In Depth: How the WHO’s Global Health Emergency Decision Unfolded (Paywall, already in English)",https://www.caixinglobal.com/2020-02-04/in-depth-how-the-whos-global-health-emergency-decision-unfolded-101511204.html,Paywall,Translated & Edited,Caixin,See content link (paywall)
“我丈夫感染了新型冠状病毒，治愈了” ,"My Husband Contracted the New Coronavirus, and Was Cured",https://mp.weixin.qq.com/s/zy0Pj-9CGT5rDC3j5ULnJg,https://web.archive.org/save/https://mp.weixin.qq.com/s/zy0Pj-9CGT5rDC3j5ULnJg,Untranslated,,
口罩告急！武汉医生每日发愁防护物资短缺 ,Masks Are Running Out! | Wuhan Doctors Worry Daily About Shortage of Protective Supplies,https://mp.weixin.qq.com/s/OG_c3iE4WB3AMpFgKcu4pQ,https://web.archive.org/save/https://mp.weixin.qq.com/s/OG_c3iE4WB3AMpFgKcu4pQ,Untranslated,,
武汉“封城”首日实录：医院少床位、防护缺资源、病患难隔离 ,Live Reporting From the First Day of Wuhan's City Closure: Few Beds Available in Hospitals; Lack of Protection Resources; And Difficulty in Isolating Patients,https://mp.weixin.qq.com/s/4G0TJbxHw1JZZRbrGYUEeg,https://web.archive.org/save/https://mp.weixin.qq.com/s/4G0TJbxHw1JZZRbrGYUEeg,Untranslated,,
武汉医疗系统应急：七家定点医院仓促改造，临时医院将开建,Wuhan Medical System's Emergency Response: Seven Designated Hospitals Being Renovated in Haste; Temporary Hospitals to Be Opened,https://mp.weixin.qq.com/s/T07-8osVsnHpw5caup2Drw,https://web.archive.org/save/https://mp.weixin.qq.com/s/T07-8osVsnHpw5caup2Drw,Untranslated,,
武汉“封城”战疫情：民航铁路高速等出城通道相继关闭 ,"Wuhan “Fengcheng” (City Closure) Against Epidemic: Aviation, Railroads, Highways and Other Exit Routes out of the City Have Been Closed",https://mp.weixin.qq.com/s/Bdw7pKnvW8bQPA5ALzzhCQ,https://web.archive.org/save/https://mp.weixin.qq.com/s/Bdw7pKnvW8bQPA5ALzzhCQ,Untranslated,,
不止有武汉：湖北疫区16城实录 （上篇） ,More Than Wuhan: Reports From 16 Cities in Hubei Affected by the Epidemic (Part 1),https://mp.weixin.qq.com/s/1e6gQVfmG50wvcwS7YhTfw,https://web.archive.org/web/20200203025021/https://mp.weixin.qq.com/s/1e6gQVfmG50wvcwS7YhTfw,Untranslated,,
不止有武汉：湖北疫区17城实录（下篇）,More Than Wuhan: Reports From 17 Cities in Hubei Affected by the Epidemic (Part 2),https://mp.weixin.qq.com/s/goz_wgrE239Z_kqcZWe4vg,http://web.archive.org/web/20200203025456/https://mp.weixin.qq.com/s/goz_wgrE239Z_kqcZWe4vg,Untranslated,,
武汉疫情升级，医疗物资募集七日实录 ,Wuhan Epidemic Escalation: Reports on Seven Days of Acquiring Medical Supplies,https://mp.weixin.qq.com/s/aFRfnoBEucQ4GIirzO3OmQ,https://web.archive.org/save/https://mp.weixin.qq.com/s/aFRfnoBEucQ4GIirzO3OmQ,Untranslated,,
全国多地“封村”，防疫效果如何？ ,"""Closing Villages"" in Many Municipalities Across the Nation: How Effective is the Epidemic Prevention?",https://mp.weixin.qq.com/s/yxSxbgWq6BN0vQDMz0edFw,https://web.archive.org/save/https://mp.weixin.qq.com/s/yxSxbgWq6BN0vQDMz0edFw,Untranslated,,
香港特区抗疫实录：削减往来内地交通，争抢口罩蔬菜 ,"Reports on the Fight Against the Epidemic in HKSAR: Reducing Traffic to and From Mainland, Fight to Purchase Masks & Vegetables",https://mp.weixin.qq.com/s/zAdw2FbjkWzKoMbLKWAJpQ,https://web.archive.org/save/https://mp.weixin.qq.com/s/zAdw2FbjkWzKoMbLKWAJpQ,Untranslated,,
谁有权公布疫情信息？,Who Has the Power to Publish Information on the Outbreak?,https://mp.weixin.qq.com/s/mgr1HMuPzQv2G9n5qD80jw,https://web.archive.org/save/https://mp.weixin.qq.com/s/mgr1HMuPzQv2G9n5qD80jw,Untranslated,,
餐饮业疫情寒冬：餐厅营收普降八成，外卖小哥一天只接七单,Outbreak’s Chilling Effect on the Restaurant Industry: Restaurant Revenue Fell 80%; Delivery Guy Only Received Seven Orders in a Day,https://mp.weixin.qq.com/s/DVE6WpaKRDE2oMfjrGEPPw,,Untranslated,,
小区封门堵截返城者，这样的防疫措施真的好吗,Neighborhood Shut Its Doors and Intercepted Returnees: Is This a Good Prevention Measure Against the Epidemic?,https://mp.weixin.qq.com/s/orP7RFJfZlOlHQcxN994iQ,https://web.archive.org/save/https://mp.weixin.qq.com/s/orP7RFJfZlOlHQcxN994iQ,Untranslated,,
疫情严重、人员滞留，基层防疫面临重压 ,"Serious Outbreak, Personnel Stranded: Heavy Pressure on Grassroots-Level Epidemic Prevention",https://mp.weixin.qq.com/s/Y4aLKt6waKZeCGAbE0QySA,https://web.archive.org/save/https://mp.weixin.qq.com/s/Y4aLKt6waKZeCGAbE0QySA,Untranslated,,
 统计数字之外的人：他们死于“普通肺炎”？,Outside the Statistics: Did They Really Die From “Normal Pneumonia?”,https://chinadigitaltimes.net/chinese/2020/02/%E8%B4%A2%E7%BB%8F-%E7%BB%9F%E8%AE%A1%E6%95%B0%E5%AD%97%E4%B9%8B%E5%A4%96%E7%9A%84%E4%BA%BA%EF%BC%9A%E4%BB%96%E4%BB%AC%E6%AD%BB%E4%BA%8E%E6%99%AE%E9%80%9A%E8%82%BA%E7%82%8E/,,In Progress,Nancy,
直击武汉：红会掌控物资待发，协和另获捐赠应急 ,Direct From Wuhan: Red Cross Controls the Supplies Waiting to Be Distributed; Xiehe (CAMS & PUMC) Receives Another Emergency Donation,https://mp.weixin.qq.com/s/drRaJ0n09x0iGg7VdzoV0w,https://web.archive.org/web/20200203032851/https://mp.weixin.qq.com/s/aFRfnoBEucQ4GIirzO3OmQ,Untranslated,,
中国的传染病是怎样防控的,How Does China Prevent and Control Infectious Disease,https://mp.weixin.qq.com/s/J50k5jLWoOufSW27hjyd0g,https://web.archive.org/save/https://mp.weixin.qq.com/s/J50k5jLWoOufSW27hjyd0g,Untranslated,,
不要让华农兄弟成为查禁野味的受害者,Don’t Make “Huanong Brother” the Victim of Ban on Wildlife Food ,https://mp.weixin.qq.com/s/RKk1JopiBgiBlrhOdVr-4A,https://web.archive.org/save/https://mp.weixin.qq.com/s/RKk1JopiBgiBlrhOdVr-4A,Untranslated,,
中西医是怎么结合起来的 ,"How did China Combine Traditional Chinese and Western Medicine?
",https://mp.weixin.qq.com/s/QTKiV_jFc75JuTz3y0AIuA,https://web.archive.org/save/https://mp.weixin.qq.com/s/QTKiV_jFc75JuTz3y0AIuA,Untranslated,,
五个武汉人的封城日记（故事FM）,City Closure Diaries From Five Residents of Wuhan (Story FM),https://mp.weixin.qq.com/s/0CfHc9OqmP9rNGIaznnoHQ,https://web.archive.org/web/20200203033042/https://mp.weixin.qq.com/s/0CfHc9OqmP9rNGIaznnoHQ,Untranslated,,
武汉ICU主任万字口述：我们收治了一个“毒王”（瀟湘晨報）,"Wuhan ICU Director Oral Statement: We Admitted a ""King of Viruses"" (Xiaoxiang Morning Post)",https://mp.weixin.qq.com/s/EpsL5My5Sv8yOthYAPd5-g,https://web.archive.org/save/https://mp.weixin.qq.com/s/EpsL5My5Sv8yOthYAPd5-g,Untranslated,,
确诊两天后去世，但官方没有他的名字：六个湖北女孩的封城日记（女孩別怕） ,"Dying Two Days After Diagnosis, the Official Records Did Not Contain His Name: City Closure Diaries From Six Hubei Girls (Girls, Don’t Be Afraid)",https://mp.weixin.qq.com/s/bdMSA_DDTYkZhUout2KauQ,https://web.archive.org/save/https://mp.weixin.qq.com/s/bdMSA_DDTYkZhUout2KauQ,Untranslated,,
家人疑似新冠肺炎被隔离，湖北17岁脑瘫儿独自在家6天后死亡（大米和小米）,"Six Days After Family Was Quarantined for Being Suspected Patients, 17-Year-Old Hubei Teengager With Cerebral Paralysis Died Alone at Home",https://www.boxun.com/news/gb/china/2020/01/202001300933.shtml,,Untranslated,,
媒体不死！武汉一线记者口述实录（一條）,Journalism Is Not Dead Yet! Verbal Accounts From Journalists at Front Line in Wuhan,https://mp.weixin.qq.com/s/zvYFAwO3mTm50HS8RA_PpQ,https://web.archive.org/save/https://mp.weixin.qq.com/s/zvYFAwO3mTm50HS8RA_PpQ,Untranslated,,
有谁想去武汉？我们7个摄影记者全部报了名|武汉一线摄影师专访（輪到你了）,Who Wants to Go to Wuhan? Seven Photojournalists Signed up | Interviews With Journalists at Front Line in Wuhan ,https://mp.weixin.qq.com/s/nZecHSVTjFMqk0qCKhvc5w,https://web.archive.org/web/20200203033147/https://mp.weixin.qq.com/s/nZecHSVTjFMqk0qCKhvc5w,Untranslated,,
疫情下的海外华人：孤立、恐慌、种族歧视和鼓励（女孩別怕）,"Chinese Overseas: Isolation, Fear, Racism and Encouragement",https://mp.weixin.qq.com/s/-Z0FwcTUQezsdoUAArhWMA,https://web.archive.org/web/20200203033152/https://mp.weixin.qq.com/s/-Z0FwcTUQezsdoUAArhWMA,Untranslated,,
湖北17岁脑瘫儿死亡前一天，父亲多次拨打120和110求助无果（大米和小米）,"One Day Before 17-Year-Old Teenager With Cerebral Paralysis Died, Father Called 120 and 110 Several Times but Received No Help",https://mp.weixin.qq.com/s/_kgcFgzKW_tPNuzXlLVllg,https://web.archive.org/save/https://mp.weixin.qq.com/s/_kgcFgzKW_tPNuzXlLVllg,Untranslated,,
 外国人眼里的疫情中国：唱国歌，喝蝙蝠汤和只相信政府的中国人（女孩別怕）,"China Amid Epidemic in Foreigners’ Eyes: Sing National Anthem, Drink Bat Soup, and Chinese Who Only Believe in Government",https://mp.weixin.qq.com/s/qF9UYXx0q-tDTJ9AJDaaaw,https://web.archive.org/save/https://mp.weixin.qq.com/s/qF9UYXx0q-tDTJ9AJDaaaw,Untranslated,,
武汉一肺炎患者怕传染妻儿，无法住院治疗后绝望跳江！(热点观察网),"A Pneumonia Patient Afraid of Infecting Wife and Kid, He Jumped off the Bridge After Not Being Able to Be Admitted Into Hospital",https://mp.weixin.qq.com/s/MOJ6SkokLZ1ef9RSMxIRIw,https://web.archive.org/save/https://mp.weixin.qq.com/s/MOJ6SkokLZ1ef9RSMxIRIw,Untranslated,,
武汉新型冠状病毒肺炎大事记（2019年12月—2020年1月20日,"Major Events in the Wuhan New Coronavirus Pneumonia Outbreak (December 2019 to January 20, 2020)",http://china.caixin.com/2020-01-20/101506244.html?fbclid=IwAR1XYZw8x5ZOMGVOFodpMNrUZQYiUvDQ3Fu0uJzlD4IzayIPAPyBYOsgVBs,https://web.archive.org/save/http://china.caixin.com/2020-01-20/101506244.html?fbclid=IwAR1XYZw8x5ZOMGVOFodpMNrUZQYiUvDQ3Fu0uJzlD4IzayIPAPyBYOsgVBs,In Progress,Nancy,
武汉新型冠状病毒肺炎大事记（2020年1月21日—今）,"Major Events in the Wuhan New Coronavirus Pneumonia Outbreak (January 21, 2020 to now) ",http://china.caixin.com/2020-01-21/101506973.html?fbclid=IwAR1ysTLoSzmtviW23PiUfYylYhc4GSYWC8yvyN8YacQdW_vMdvuJzoRiUVk,https://web.archive.org/save/http://china.caixin.com/2020-01-21/101506973.html?fbclid=IwAR1ysTLoSzmtviW23PiUfYylYhc4GSYWC8yvyN8YacQdW_vMdvuJzoRiUVk,Untranslated,,
时疫琐记,,https://www.douban.com/note/749787623/,https://github.com/jiayiliujiayi/2020nCov_individual_archives/blob/master/01-22-%E9%82%93%E5%AE%89%E5%BA%86-%E6%97%B6%E7%96%AB%E7%90%90%E8%AE%B0.md,Untranslated,,
一首朋克救地球,,https://www.douban.com/note/749940802/,https://github.com/jiayiliujiayi/2020nCov_individual_archives/blob/master/01-24-JoyceCheng-%E4%B8%80%E9%A6%96%E6%9C%8B%E5%85%8B%E6%95%91%E5%9C%B0%E7%90%83.md,Untranslated,,
1月23日,,https://www.douban.com/note/749934877/,https://github.com/jiayiliujiayi/2020nCov_individual_archives/blob/master/01-24-huseng-1%E6%9C%8823%E6%97%A5.md,Untranslated,,
1月24日,,https://www.douban.com/note/749979554/,https://github.com/jiayiliujiayi/2020nCov_individual_archives/blob/master/01-24-huseng-1%E6%9C%8824%E6%97%A5.md,Untranslated,,
封城次日杂记,,https://www.douban.com/note/749948482/,https://github.com/jiayiliujiayi/2020nCov_individual_archives/blob/master/01-24-%E5%9C%B0%E5%91%B3%E9%B8%AD-%E5%B0%81%E5%9F%8E%E6%AC%A1%E6%97%A5%E6%9D%82%E8%AE%B0.md,Untranslated,,
今年没有春节的wh鹅,,https://www.douban.com/group/topic/163795602/,https://github.com/jiayiliujiayi/2020nCov_individual_archives/blob/master/01-24-%E5%A4%8F%E5%A4%A9%7C%7C%E5%93%92%E5%93%92%E5%93%92%E5%93%92-%E4%BB%8A%E5%B9%B4%E6%B2%A1%E6%9C%89%E6%98%A5%E8%8A%82%E7%9A%84wh%E9%B9%85.md,Untranslated,,
疫区日记：武汉不是一个论据，生命也不是,,https://www.douban.com/note/749931352/,https://github.com/jiayiliujiayi/2020nCov_individual_archives/blob/master/01-24-%E6%9B%89%E5%AE%87-%E7%96%AB%E5%8C%BA%E6%97%A5%E8%AE%B0%EF%BC%9A%E6%AD%A6%E6%B1%89%E4%B8%8D%E6%98%AF%E4%B8%80%E4%B8%AA%E8%AE%BA%E6%8D%AE%EF%BC%8C%E7%94%9F%E5%91%BD%E4%B9%9F%E4%B8%8D%E6%98%AF.md,Untranslated,,
秋池 .的广播,,https://www.douban.com/people/62998137/status/2772553286/,https://github.com/jiayiliujiayi/2020nCov_individual_archives/blob/master/01-24-%E7%A7%8B%E6%B1%A0%20.%E7%9A%84%E5%B9%BF%E6%92%AD.md,Untranslated,,
封城之后,,https://www.douban.com/note/749952798/,https://github.com/jiayiliujiayi/2020nCov_individual_archives/blob/master/01-24-%E9%82%93%E5%AE%89%E5%BA%86-%E5%B0%81%E5%9F%8E%E4%B9%8B%E5%90%8E.md,Untranslated,,
感封城日记三,,https://www.douban.com/note/751089805/,https://github.com/jiayiliujiayi/2020nCov_individual_archives/blob/master/01-25-%E5%90%91%20%E9%98%B3-%E5%AD%9D%E6%84%9F%E5%B0%81%E5%9F%8E%E6%97%A5%E8%AE%B0%E4%B8%89.md,Untranslated,,
孝感封城日记二,,https://www.douban.com/note/750007763/,https://github.com/jiayiliujiayi/2020nCov_individual_archives/blob/master/01-25-%E5%90%91%20%E9%98%B3-%E5%AD%9D%E6%84%9F%E5%B0%81%E5%9F%8E%E6%97%A5%E8%AE%B0%E4%BA%8C.md,Untranslated,,
湖北疫情之孝感封城日记一,,https://www.douban.com/note/749993552/,https://github.com/jiayiliujiayi/2020nCov_individual_archives/blob/master/01-25-%E5%90%91%20%E9%98%B3-%E6%B9%96%E5%8C%97%E7%96%AB%E6%83%85%E4%B9%8B%E5%AD%9D%E6%84%9F%E5%B0%81%E5%9F%8E%E6%97%A5%E8%AE%B0%E4%B8%80.md,Untranslated,,
文泽尔书友会的广播,,https://www.douban.com/people/W-ReadersClub/status/2772882123/,https://github.com/jiayiliujiayi/2020nCov_individual_archives/blob/master/01-25-%E6%96%87%E6%B3%BD%E5%B0%94%E4%B9%A6%E5%8F%8B%E4%BC%9A%E7%9A%84%E5%B9%BF%E6%92%AD.md,Untranslated,,
限车指令出来后我心态真的崩了 我好想回家,,https://www.douban.com/group/topic/163845023/,https://github.com/jiayiliujiayi/2020nCov_individual_archives/blob/master/01-25-%E7%93%9C%E7%9A%AE%E5%A4%A7%E6%B1%A1%E5%B8%88-%E9%99%90%E8%BD%A6%E6%8C%87%E4%BB%A4%E5%87%BA%E6%9D%A5%E5%90%8E%E6%88%91%E5%BF%83%E6%80%81%E7%9C%9F%E7%9A%84%E5%B4%A9%E4%BA%86%20%E6%88%91%E5%A5%BD%E6%83%B3%E5%9B%9E%E5%AE%B6.md,Untranslated,,
朋克新年,,https://www.douban.com/note/750002265/,https://github.com/jiayiliujiayi/2020nCov_individual_archives/blob/master/01-25-%E7%99%BD%E6%9C%97-%E6%9C%8B%E5%85%8B%E6%96%B0%E5%B9%B4.md,Untranslated,,
硬皮硬核的广播,,https://www.douban.com/people/151742806/status/2772937227/,https://github.com/jiayiliujiayi/2020nCov_individual_archives/blob/master/01-25-%E7%A1%AC%E7%9A%AE%E7%A1%AC%E6%A0%B8%E7%9A%84%E5%B9%BF%E6%92%AD.md,Untranslated,,
疫区流水账,,https://www.douban.com/note/750110703/,https://github.com/jiayiliujiayi/2020nCov_individual_archives/blob/master/01-26-%E4%B8%8D%E5%85%B7%E5%90%8D%E4%BA%BA%E5%A3%AB%F0%9F%8C%88-%E7%96%AB%E5%8C%BA%E6%B5%81%E6%B0%B4%E8%B4%A6.md,Untranslated,,
封城记1：我们与死亡的距离,,https://www.douban.com/note/750077041/,https://github.com/jiayiliujiayi/2020nCov_individual_archives/blob/master/01-26-%E5%85%94%E8%8D%89-%E5%B0%81%E5%9F%8E%E8%AE%B01%EF%BC%9A%E6%88%91%E4%BB%AC%E4%B8%8E%E6%AD%BB%E4%BA%A1%E7%9A%84%E8%B7%9D%E7%A6%BB.md,Untranslated,,
封城第一天,,https://www.douban.com/note/750047348/,https://github.com/jiayiliujiayi/2020nCov_individual_archives/blob/master/01-26-%E6%9E%97%E8%B0%B7-%E5%B0%81%E5%9F%8E%E7%AC%AC%E4%B8%80%E5%A4%A9.md,Untranslated,,
封城第二天,,https://www.douban.com/note/750108953/,https://github.com/jiayiliujiayi/2020nCov_individual_archives/blob/master/01-26-%E6%9E%97%E8%B0%B7-%E5%B0%81%E5%9F%8E%E7%AC%AC%E4%BA%8C%E5%A4%A9.md,Untranslated,,
秋池 .的广播,,https://www.douban.com/people/62998137/status/2774916463/,https://github.com/jiayiliujiayi/2020nCov_individual_archives/blob/master/01-26-%E7%A7%8B%E6%B1%A0%20.%E7%9A%84%E5%B9%BF%E6%92%AD%20.md,Untranslated,,
最冷清的春节,,https://www.douban.com/note/750069597/,https://github.com/jiayiliujiayi/2020nCov_individual_archives/blob/master/01-26-%E9%82%93%E5%AE%89%E5%BA%86-%E6%9C%80%E5%86%B7%E6%B8%85%E7%9A%84%E6%98%A5%E8%8A%82.md,Untranslated,,
1月26日,,https://www.douban.com/note/750137264/,https://github.com/jiayiliujiayi/2020nCov_individual_archives/blob/master/01-27-huseng-1%E6%9C%8826%E6%97%A5.md,Untranslated,,
封城第三天,,https://www.douban.com/note/750194453/,https://github.com/jiayiliujiayi/2020nCov_individual_archives/blob/master/01-27-%E6%9E%97%E8%B0%B7-%E5%B0%81%E5%9F%8E%E7%AC%AC%E4%B8%89%E5%A4%A9.md,Untranslated,,
疫区日记：又活了一日,,https://www.douban.com/note/750228924/,https://github.com/jiayiliujiayi/2020nCov_individual_archives/blob/master/01-28-%E6%9B%89%E5%AE%87-%E7%96%AB%E5%8C%BA%E6%97%A5%E8%AE%B0%EF%BC%9A%E5%8F%88%E6%B4%BB%E4%BA%86%E4%B8%80%E6%97%A5.md,Untranslated,,
封城第四天,,https://www.douban.com/note/750273533/,https://github.com/jiayiliujiayi/2020nCov_individual_archives/blob/master/01-28-%E6%9E%97%E8%B0%B7-%E5%B0%81%E5%9F%8E%E7%AC%AC%E5%9B%9B%E5%A4%A9.md,Untranslated,,
空气中有一丝松动,,https://www.douban.com/note/750237940/,https://github.com/jiayiliujiayi/2020nCov_individual_archives/blob/master/01-28-%E9%82%93%E5%AE%89%E5%BA%86-%E7%A9%BA%E6%B0%94%E4%B8%AD%E6%9C%89%E4%B8%80%E4%B8%9D%E6%9D%BE%E5%8A%A8.md,Untranslated,,
封城第五天,,https://www.douban.com/note/750368262/,https://github.com/jiayiliujiayi/2020nCov_individual_archives/blob/master/01-29-%E6%9E%97%E8%B0%B7-%E5%B0%81%E5%9F%8E%E7%AC%AC%E4%BA%94%E5%A4%A9.md,Untranslated,,
忽然说到死,,https://www.douban.com/note/750308610/,https://github.com/jiayiliujiayi/2020nCov_individual_archives/blob/master/01-29-%E9%82%93%E5%AE%89%E5%BA%86-%E5%BF%BD%E7%84%B6%E8%AF%B4%E5%88%B0%E6%AD%BB.md,Untranslated,,
封城第六天,,https://www.douban.com/note/750464989/,https://github.com/jiayiliujiayi/2020nCov_individual_archives/blob/master/01-30-%E6%9E%97%E8%B0%B7-%E5%B0%81%E5%9F%8E%E7%AC%AC%E5%85%AD%E5%A4%A9.md,Untranslated,,
封城第七天,,https://www.douban.com/note/750569424/,https://github.com/jiayiliujiayi/2020nCov_individual_archives/blob/master/01-31-%E6%9E%97%E8%B0%B7-%E5%B0%81%E5%9F%8E%E7%AC%AC%E4%B8%83%E5%A4%A9.md,Untranslated,,
秋池 .的广播,,https://www.douban.com/people/62998137/status/2772553286/,https://github.com/jiayiliujiayi/2020nCov_individual_archives/blob/master/01-31-%E7%A7%8B%E6%B1%A0%20.%E7%9A%84%E5%B9%BF%E6%92%AD.md,Untranslated,,
你保佑我,,https://www.douban.com/note/750523090/,https://github.com/jiayiliujiayi/2020nCov_individual_archives/blob/master/01-31-%E9%82%93%E5%AE%89%E5%BA%86-%E4%BD%A0%E4%BF%9D%E4%BD%91%E6%88%91.md,Untranslated,,
封城第八天,,https://www.douban.com/note/750681823/,https://github.com/jiayiliujiayi/2020nCov_individual_archives/blob/master/02-01-%E6%9E%97%E8%B0%B7-%E5%B0%81%E5%9F%8E%E7%AC%AC%E5%85%AB%E5%A4%A9.md,Untranslated,,
疫区日记：如果我这次撑到最后，全是凭借愤怒,,https://www.douban.com/note/750712246/,https://github.com/jiayiliujiayi/2020nCov_individual_archives/blob/master/02-02-%E6%9B%89%E5%AE%87-%E7%96%AB%E5%8C%BA%E6%97%A5%E8%AE%B0%EF%BC%9A%E5%A6%82%E6%9E%9C%E6%88%91%E8%BF%99%E6%AC%A1%E6%92%91%E5%88%B0%E6%9C%80%E5%90%8E%EF%BC%8C%E5%85%A8%E6%98%AF%E5%87%AD%E5%80%9F%E6%84%A4%E6%80%92.md,Untranslated,,
封城第九天,,https://www.douban.com/note/750802798/,https://github.com/jiayiliujiayi/2020nCov_individual_archives/blob/master/02-02-%E6%9E%97%E8%B0%B7-%E5%B0%81%E5%9F%8E%E7%AC%AC%E4%B9%9D%E5%A4%A9.md,Untranslated,,
封城第十天,,https://www.douban.com/note/750922513/,https://github.com/jiayiliujiayi/2020nCov_individual_archives/blob/master/02-03-%E6%9E%97%E8%B0%B7-%E5%B0%81%E5%9F%8E%E7%AC%AC%E5%8D%81%E5%A4%A9.md,Untranslated,,
没有归程的等待,,https://www.douban.com/note/750859249/,https://github.com/jiayiliujiayi/2020nCov_individual_archives/blob/master/02-03-%E9%82%93%E5%AE%89%E5%BA%86-%E6%B2%A1%E6%9C%89%E5%BD%92%E7%A8%8B%E7%9A%84%E7%AD%89%E5%BE%85.md,Untranslated,,
"封城第十一天
",,https://www.douban.com/note/751061134/,https://github.com/jiayiliujiayi/2020nCov_individual_archives/blob/master/02-04-%E6%9E%97%E8%B0%B7-%E5%B0%81%E5%9F%8E%E7%AC%AC%E5%8D%81%E4%B8%80%E5%A4%A9.md,Untranslated,,
封城第十一天,,https://www.douban.com/note/751188566/,https://github.com/jiayiliujiayi/2020nCov_individual_archives/blob/master/02-05-%E6%9E%97%E8%B0%B7-%E5%B0%81%E5%9F%8E%E7%AC%AC%E5%8D%81%E4%BA%8C%E5%A4%A9.md,Untranslated,,
现在怎么样还可以回到WH,,https://www.douban.com/group/topic/164437565/,https://github.com/jiayiliujiayi/2020nCov_individual_archives/blob/master/02-05-%E6%A0%97%E9%87%8C%E9%A6%9C%E2%9D%A4-%E7%8E%B0%E5%9C%A8%E6%80%8E%E4%B9%88%E6%A0%B7%E8%BF%98%E5%8F%AF%E4%BB%A5%E5%9B%9E%E5%88%B0WH,Untranslated,,
我们在一起做的事情,,https://www.douban.com/note/751106788/,https://github.com/jiayiliujiayi/2020nCov_individual_archives/blob/master/02-05-%E9%82%93%E5%AE%89%E5%BA%86-%E6%88%91%E4%BB%AC%E5%9C%A8%E4%B8%80%E8%B5%B7%E5%81%9A%E7%9A%84%E4%BA%8B%E6%83%85.md,Untranslated,,
,,,https://github.com/jiayiliujiayi/2020nCov_individual_archives/blob/master/02-06-%E6%9E%97%E8%B0%B7-%E5%B0%81%E5%9F%8E%E7%AC%AC%E5%8D%81%E4%B8%89%E5%A4%A9.md,Untranslated,,
封城第十一天,,https://www.douban.com/note/751188566/,https://github.com/jiayiliujiayi/2020nCov_individual_archives/blob/master/02-07-%E6%9E%97%E8%B0%B7-%E5%B0%81%E5%9F%8E%E7%AC%AC%E5%8D%81%E5%9B%9B%E5%A4%A9.md,Untranslated,,